ISBN;Price
"393";7
"191";19
"667";40
"553";46
"319";15
"552";18
"282";17
"739";15
"156";26
"707";12
"708";23
"913";15
"718";17
"722";26
"142";17
"765";44
"725";14
"782";27
"773";15
"887";7
"420";7
"918";12
"788";6
"734";16
"710";12
"716";6
"876";18
"755";23
"882";16
"236";16
"804";5
"738";18
"879";10
"919";16
"785";13
"790";18
"268";10
"520";46
"836";14
"419";13
"775";7
"343";21
"685";25
"671";18
"281120170";28
"777";37
"546";13
"798";28
"794";7
"866";5
"590";29
"767";12
"728";9
"763";16
"705";18
"237";36
"714";13
"430";28
"787";8
"784";33
"138";26
"904";22
"908";9
"689";5
"700";18
"761";23
"757";14
"776";18
"140";10
"780";18
"9782226168078";40
"803";15
"235641035";13
"906";18
"231";14
"917";24
"139";7
"920";29
"423";23
"9782226154989";7
"425";5
"424";8
"806";25
"808";20
"756";6
"870";22
"792";11
"815";23
"253";11
"692";7
"762";13
"797";22
"916";9
"426";12
"791";8
"832";10
"135";23
"524";8
"793";15
"885";11
"766";8
"915";22
"748";23
"778";18
"786";7
"921";5
"109";21
"688";20
"902";20
"132";8
"721";8
"779";11
"141";15
"828";22
"712";13
"233";7
"827";15
"143";8
"848";27
"214";17
"661";25
"843";16
"884";23
"821";16
"831";6
"389";40
"134";13
"911";20
"717";21
"881";39
"649";21
"713";23
"129";7
"592";27
"136";6
"729";18
"842";31
"145";5
"730";15
"820";30
"818";15
"137";6
"795";23
"910";25
"833";23
"835";18
"901";16
"369";19
"702";15
"817";36
"240";22
"883";16
"293";17
"691";16
"846";6
"838";23
"909";27
"715";7
"834";13
"905";17
"370";28
"235";16
"888";13
"744";7
"2264028452";17
"878";14
"726";13
"422";26
"801";23
"891";23
"895";23
"754";21
"741";20
"837";9
"743";8
"886";6
"771";11
"234";13
"9782277233503";5
"769";5
"839";14
"854";7
"856";18
"274";10
"737";20
"830";32
"899";15
"774";18
"752";7
"759";8
"229";27
"745";8
"747";18
"829";11
"897";12
"727";13
"731";28
"101";28
"560";21
"825";6
"753";9
"723";27
"257";7
"894";14
"826";16
"892";22
"158";13
"823";13
"733";26
"186";21
"749";21
"736";6
"751";21
"746";10
"372";18
"742";17
"889";16
"783";23
"719";18
"371";46
"732";5
"871";9
"893";22
"476";31
"896";16
"914";16
"381";14
"2859407456";22
"750";11
"812";29
"9782842671143";26
"740";21
"276";27
"912";10
"704";29
"9782266235815";8
"873";12
"9782258022041";22
"9782258022034";12
"220";23
"665";10
"758";29
"764";6
"770";14
"212";34
"185";14
"416";11
"706";25
"805";14
"9782264005984";34
"609";8
"772";7
"232";8
"687";35
"781";15
"768";11
"264";6
"814";16
"703";13
"890";21
"275";19
"822";12
"824";18
"789";14
"819";8
"844";6
"796";17
"816";14
"216";16
"898";7
"800";6
"555";10
"9782253142584";11
"807";16
"421";16
"802";5
"811";25
"810";21
"799";34
"809";16
"690";24
"9782264041944";10
"9782264041036";16
"9782264041029";5
"9782264039682";14
"9782264036865";11
"9782264037114";28
"9782264037152";10
"9782264030634";12
"9782264034243";28
"9782264026910";8
"9782264036001";20
"9782264026903";6
"9782264023698";11
"9782264031532";10
"9782264030047";23
"9782264028464";8
"9782264025654";9
"9782264025388";12
"9782264044730";11
"9782264037459";12
"9782264045775";24
"9782264030030";7
"9782264030610";24
"9782264030627";8
"9782264030382";13
"9782264026040";12
"9782264026033";7
"9782264014917";24
"9782264027115";15
"9782264027146";27
"9782264014320";12
"9782264016157";7
"9782264023704";17
"9782264006691";8
"9782264014313";23
"9782264007292";18
"9782264006974";18
"9782264005441";10
"9782264005434";6
"9782264006080";9
"9782264006509";6
"9782264006097";11
"9782862150284";15
"9782264005960";30
"9782264006967";19
"9782264005021";12
"9782264005977";32
"9782264005458";9
"9782290345924";20
"9782742797875";20
"9782895659693";16
"9782896670666";6
"9782226221322";24
"9782226221414";18
"9782226220592";7
"9782226220585";15
"9782226194008";20
"9782226199812";16
"9782226199935";20
"9788811670223";8
"9782226179791";34
"9782253123378";19
"9782226170514";17
"9782226216250";5
"9782226136244";5
"9782226081797";6
"9782226233981";23
"9782226065001";27
"9782226059475";13
"9782226003621";43
"9782226001061";34
"9782226191892";7
"9782226186294";15
"9782226191939";6
"9782226207197";30
"9782226006318";10
"9782226000422";6
"9782226002501";7
"9781246420029";6
"9782841724680";14
"9782841722570";10
"9782841721368";14
"9782841721290";28
"9782841721535";8
"9782841721092";9
"9782290025826";27
"9780606267243";13
"9780553573404";13
"9782747021067";16
"9782747026741";26
"9782747026734";30
"9782747026314";6
"9782747026307";21
"9782747014564";12
"9782747024303";21
"9782747024310";8
"9782747023542";28
"9782747020206";14
"9782747020213";22
"9782747014557";38
"9782714451699";19
"9782714447074";39
"9782843440977";27
"9782246595113";23
"9782246671510";15
"9782246552710";18
"9781246552003";29
"9781179803401";15
"9781149578254";14
"9781149434277";18
"9781144760241";14
"9781148291178";15
"9780554449166";6
"9782253052975";6
"9781932983517";6
"3442267846";12
"9781409945345";33
"9782352945413";30
"9782820503282";22
"9782820503275";26
"9782820503268";19
"9782820503251";20
"9782820501134";20
"9782820502049";40
"9782820502032";29
"9782352944614";7
"9782820501639";18
"9782811202699";50
"9782811202798";29
"9782811204082";30
"9782811202804";9
"9782820501561";7
"9782352943679";21
"9782352943273";7
"9782352943006";29
"9782352943129";14
"9782352943907";24
"9782811201562";10
"9782914370998";13
"9782915549669";8
"9782352940272";6
"9782915549591";22
"9782915549607";16
"9782915549492";13
"9782914370790";14
"9782915549324";22
"9782352944676";25
"9782914370257";12
"9782352942320";14
"9782914370783";29
"9782811203429";5
"9782914370585";29
"9782914370448";20
"9782914370363";10
"9782352942153";13
"9782914370264";9
"9782352942382";30
"9782352940784";19
"9782914370004";12
"9782352941309";15
"9782915549249";13
"9782915549331";10
"9782352940173";22
"9782915549621";20
"9782915549294";25
"9782914370882";34
"9782352942610";11
"9782352942177";12
"9782914370332";24
"9782352941781";23
"9782352941330";5
"9782352941187";18
"9781455814312";28
"9782253004059";21
"479";7
"9782283021118";15
"437";20
"9782702141045";31
"9782702140338";24
"9782702148433";5
"9782702140680";15
"9782702139677";10
"9782702137734";23
"9782702137727";27
"9782702130353";17
"9782253170778";16
"9782702101803";9
"9782702126837";9
"9782362310133";13
"9782362310126";9
"9782362310102";14
"9782266121026";17
"9782277222668";35
"9782702418123";13
"9782862150529";30
"9782871531494";32
"9791090285125";7
"9780879974572";13
"9780345483850";15
"9782820500014";10
"9782890746923";27
"9782890746862";32
"9782890746763";33
"9782070426805";5
"9782070414222";13
"9782207305263";15
"9782207301197";17
"9782207302620";13
"9782207302910";13
"9782207256336";21
"9782207258033";8
"9782207254417";25
"9780385720922";19
"9782070415779";12
"9782207249420";20
"9782207249192";14
"9782207249338";9
"9782207247983";12
"9782207503140";9
"9782207301999";12
"9782207501610";14
"9782207304686";7
"9782207303016";10
"9782207301814";18
"9782207303597";16
"9782207303177";14
"9782207256350";18
"9782207304631";19
"9782207304624";21
"9782207301050";9
"9782207259160";21
"9782070422395";33
"9782266187008";12
"9781409953937";12
"9781409953784";23
"9781153739771";20
"9781409925323";13
"9781409925408";7
"9781409925330";33
"9781409924654";16
"9781409924661";23
"9781409924791";17
"9781406875560";46
"9782848930459";21
"9782890525924";30
"9782702431665";21
"9782702479643";17
"9782020556323";22
"9782020799089";10
"9782265020931";15
"9782265005877";16
"9782744198878";15
"9782744175084";23
"9782866070465";26
"9782846122740";7
"9782290055953";15
"9782290349700";5
"9782290330784";26
"9782290357026";18
"9782290344781";11
"9782226229922";22
"9782226219992";18
"9782226195418";6
"9782226014672";29
"9782877066808";11
"9782253135500";17
"9782921707039";34
"9782890747630";10
"9782890746800";5
"9782890746824";7
"429";11
"9782207261897";13
"9782207259887";5
"9782207254301";26
"9782207304884";28
"9782207304891";10
"9782207304679";29
"9782207304662";10
"9782207258378";26
"9782207304617";18
"9782848930640";8
"9782848930824";11
"9782848930695";18
"9782848930510";12
"9782848930008";14
"9782848930282";21
"9782702478684";7
"9782702424681";25
"9782702421932";8
"9782702425510";16
"9782702429112";7
"9782702424872";16
"9782702416082";23
"9782702429686";10
"9782702429778";24
"9782702422656";38
"9782702418598";9
"9782702414019";22
"9782702415610";11
"9782702413579";18
"9782702406632";32
"9782702408643";6
"9782268043210";21
"9782020016216";23
"9782253034896";6
"9782702413913";24
"9782702418659";16
"9782265036604";37
"9782265023895";19
"9782265024755";11
"9782265022652";11
"9782265021617";7
"9782265024540";23
"9782265018518";16
"9782265018426";8
"9782265019317";12
"9782265015722";15
"9782265017825";8
"9782265013186";16
"9782298026405";11
"9782070786428";32
"9782070439966";5
"9782070441266";12
"9782070441242";15
"9782070441235";29
"9782070398416";31
"9782070782802";12
"9782070619191";15
"9782070399567";11
"9782070343614";6
"9782070346165";17
"9782070342266";6
"9782070319374";13
"9782070309535";20
"9782070320523";26
"9782070407484";14
"9782070306251";15
"9782070309023";13
"619";22
"9782070306985";11
"9782070316434";12
"9782070305452";23
"9782070315987";5
"9782070429691";5
"9782070429783";23
"9782070423514";26
"9782070421497";18
"9782070422371";12
"9782070499298";16
"9782070415922";8
"9782070415601";21
"9782070643059";26
"9782070612413";45
"9782070401352";23
"9782070421282";19
"9782070421275";19
"9782070421220";28
"9782070421268";5
"9782070415762";6
"9782070426829";17
"9782070415748";19
"9782070343492";38
"9782070309511";14
"9782070309542";17
"9782070406920";29
"9782070419166";26
"9782070513338";26
"9782070619009";35
"9782070541898";30
"9782290340462";13
"624";10
"9782264011299";39
"9782277117230";14
"9782277117223";22
"9782277233794";25
"9782277234395";12
"9782277118367";10
"9782864247586";11
"9782354080655";38
"9782720100178";24
"9782752904614";21
"9782752903457";6
"9782752901231";15
"9782752904263";5
"9782752900333";38
"9782753301177";16
"9782753301078";9
"9782290312919";16
"9782290315095";36
"9782290332832";11
"9782290308370";13
"9782277241331";14
"9782277234753";40
"9782277230069";29
"9782277229407";20
"9782290308141";18
"9782277230212";30
"9782221017067";22
"9782221021224";38
"9789050160179";12
"9782253135357";6
"9780374169916";13
"9782213641942";14
"9782213626673";11
"9782213622484";19
"9782213620107";19
"9782092506790";37
"9782092826089";14
"9782092504321";31
"9782363600349";24
"189";6
"9782081233270";26
"9782081209589";27
"9782080680556";15
"9782702421659";8
"9782890773622";29
"9782290343197";19
"9782890773615";28
"9782890773608";28
"9782265089686";33
"9782265085787";33
"9782265085770";22
"9782265085763";43
"9782265077263";5
"9782265077171";18
"9782265065642";20
"9782265065499";25
"9782265081154";28
"9782265056541";6
"9782265079694";8
"9782265047747";15
"9782265047532";16
"9782265047433";11
"9782265047334";5
"9782265046757";16
"9782265047273";21
"9782265079687";22
"9782265045422";12
"9782265044920";20
"9782265045088";19
"9782265044296";17
"9782265043787";17
"9782265043381";16
"9782265043718";33
"9782265044531";18
"9782265038325";31
"9782265037908";14
"9782265037885";15
"9782265037755";20
"9782265036970";22
"9782265048133";28
"9782265047655";10
"9782265032453";13
"9782265031890";14
"9782265032361";18
"9782265023444";15
"9782265021907";16
"9782265016606";9
"630";8
"427";8
"626";51
"9782724266238";10
"9782724232820";19
"9780320080173";11
"9780828857734";10
"9782070423316";18
"9782070416141";24
"9782070612444";8
"9782070406364";19
"9782070415755";14
"9782070417513";5
"9782070419173";24
"9782070296668";27
"582";14
"9782070259663";19
"9782070343621";24
"9782070327942";17
"9782070556861";23
"9782070619184";6
"9782070619177";18
"9782070615360";5
"9781235114298";6
"9782842677534";17
"9782842671174";10
"9782738603647";17
"9782264014894";21
"9782246618614";16
"9782246633518";19
"9782246584216";22
"9783640248148";29
"9781411657236";22
"9782894553640";23
"9782012023444";34
"9782012022874";7
"9782012022775";12
"9782012021617";9
"9782012021174";10
"9782012020849";24
"9782012023598";7
"9782012023666";7
"9782013225212";13
"9782013225366";19
"9782013229562";27
"9782253172161";5
"9782253055976";12
"9782012017627";23
"9782012017634";14
"9782012017641";16
"9782702419083";5
"320";12
"9782012015708";21
"9782280220866";14
"9782280224390";6
"9782280219495";24
"9782280815062";10
"9782280817318";27
"9782280819435";9
"9782013229883";5
"9782013229807";17
"9782013228190";5
"9782897172107";17
"9782290036778";22
"9782290027240";15
"9782290028438";10
"9782290024218";6
"9782290028131";27
"9782290018606";12
"9782290017203";14
"9782290023488";6
"9782290018590";21
"9782290024492";10
"9782290035726";15
"9782290025345";8
"9782290017180";17
"9782290032763";17
"9782081208650";10
"9782290014059";24
"9782290024263";32
"9782290027233";20
"9782290349717";11
"9782290353073";16
"9782081203488";8
"9782290031742";12
"9782290024249";12
"9782290024270";13
"9782290317143";11
"9782290350607";14
"9782290353066";25
"9782290349878";6
"9782290006474";8
"9782290024485";22
"9782290024232";10
"9782290010853";15
"9782290028902";7
"9782290013854";15
"9782290017739";28
"9782290354797";10
"9782290004623";27
"9782290027868";41
"9782290027851";25
"9782290332016";22
"9782290330098";12
"9782290325841";11
"9782290024201";13
"9782290344392";24
"9782290000748";19
"9782290354759";10
"9782290350614";9
"9782290350256";6
"9782290350553";6
"9782290332856";12
"9782290332849";14
"9782290332887";15
"9782290314098";26
"9782290325391";20
"9782290344804";13
"9782290322826";18
"9782290331408";15
"9782290316306";20
"9782290330524";12
"9782290313183";18
"9782290302484";6
"9782290312933";12
"9782290315415";8
"9782290308257";36
"9782277125105";6
"9782277220558";7
"9782290309742";25
"9782290017616";20
"9782290328453";15
"9782290136195";13
"9782290025833";26
"9782290305454";16
"9782290029527";12
"9782277222484";20
"9782277217824";5
"9782277232247";23
"9782290301876";6
"9782290129500";5
"9782277226796";5
"9782290348789";10
"9782277225911";6
"9782290348772";17
"9782290001714";24
"9780547572291";13
"9782277221357";19
"9782290345900";14
"1439170983";15
"9782290312926";10
"9782290314944";9
"9782290308288";8
"9782277217084";10
"9782290329924";7
"9782290356289";11
"9782290348697";25
"9782277213291";15
"9782277211846";15
"9782035839237";49
"9782277210580";12
"9782277118480";12
"9782290309636";35
"9782277113737";13
"9782277220749";12
"2754400826";20
"9782277115854";18
"9782277117247";16
"9782253018049";19
"9782290332238";22
"9782277117070";24
"9782277226680";31
"9782277219354";16
"9782277117124";10
"9782277117216";29
"9782277218913";6
"9782744192067";34
"9782709627115";9
"9782709625555";16
"9782744150029";14
"9782709626415";8
"9782709630566";24
"9781144323620";16
"9782235023030";19
"9782260018247";6
"636";15
"9780758216410";22
"9782266115223";16
"9782253072058";28
"433";22
"9782923925042";7
"9782981042897";11
"9782910491185";41
"9782916141329";12
"9782352870296";21
"9782035881120";8
"9782841724918";7
"9782841724208";21
"9782841721238";17
"9782841721115";18
"9782841720897";24
"9782841720767";33
"9782841721023";28
"9782841720668";5
"9782841720262";32
"9782841720392";11
"9782709636384";21
"9782709630559";22
"9782709630542";15
"9782709623155";6
"9782843440519";27
"9782843440731";13
"9782843440793";18
"9782843440823";18
"9782749109343";5
"9782749103518";10
"9782286127992";16
"9782702814321";30
"9782253114796";22
"9782702422588";15
"9782702400234";15
"9782702426395";13
"9782253021971";15
"9781232560128";7
"9782253163206";20
"9782253163176";23
"9782013217811";18
"9782253159520";16
"9781232559450";10
"286";28
"9782702436820";26
"9782702434000";13
"9782702429129";16
"9782702431580";13
"9782702405062";31
"9782897172732";30
"9782897172077";24
"9782253149569";14
"9785878878067";31
"9782867465017";22
"9782253152408";6
"9782253072089";7
"9782253152514";36
"9782253152521";30
"9782253049333";39
"9782360510122";5
"9782253034193";16
"9782253046875";23
"9782253119197";18
"9782253116783";23
"9782253113980";7
"9782253072959";11
"9782253068235";5
"9782253182009";24
"9782253120308";15
"9782253182313";30
"9782702426401";39
"9782253148081";16
"9782253110910";5
"9782253147299";15
"9782253144397";20
"9782253148869";28
"9782253149095";20
"9782253144380";8
"9782253113973";23
"9782253145394";24
"9782253072409";28
"9782253144267";41
"9782253149026";27
"9782253015543";25
"9782253072164";12
"9782253139225";36
"9782253114147";29
"9782253049319";14
"9782253147084";13
"9782253071990";12
"9782253041207";16
"9782253052494";10
"9782253144793";16
"9782253063957";5
"9782253072386";10
"9782253136125";17
"9782253143154";28
"9782253124931";29
"9782253142546";10
"9782253142980";21
"9782253120599";5
"9782253142508";10
"9782253143116";6
"9782253057703";12
"9782253076803";18
"9782702438060";15
"9782702414385";5
"9782702418260";11
"9782702400579";18
"9782253046134";11
"9782253005285";29
"9782253036951";14
"9782702400111";12
"9782253029908";9
"9782253060529";21
"9782702423677";5
"9782702418093";28
"9782253032328";16
"9782702400319";9
"9782702400661";6
"9782702400562";20
"9782253022565";13
"9782253149934";13
"9782702414620";18
"9782702414729";22
"9782903685003";11
"9782702400722";29
"581";11
"9782702400449";26
"593";24
"9782702423042";29
"9782253050643";32
"9782253113195";11
"9782253101062";11
"9782253111924";13
"9782253090670";8
"9782253036975";22
"9782253023104";13
"9782253072416";17
"9782253072331";11
"9782253072256";24
"9782253113188";29
"9782253066835";20
"9782253172208";11
"9782253152071";16
"9782253108702";18
"9782253171829";11
"9782253072065";18
"9782253071877";8
"9782253071808";17
"9782253139485";22
"9782253076827";8
"9782253071891";6
"9782253071839";18
"9782253071853";49
"9782253071822";19
"9782702411865";6
"9782253135364";16
"9782253135517";13
"9782253049326";19
"9782253171348";27
"9782253059530";30
"9782841724178";25
"9782841720538";9
"9782841720613";21
"9782841720453";25
"9782841720118";14
"9782841725014";23
"9782841721191";25
"9782841720743";10
"9782702480526";6
"9782702430118";9
"9782702414361";33
"9782878093308";10
"9782253076865";15
"9782253122920";16
"9782253072508";19
"9782253003069";17
"9782253003151";12
"9782253004653";11
"9782253062011";16
"9782253011019";16
"9782013215800";19
"9782013225151";15
"9782210754935";20
"9782226004635";12
"9782749916392";29
"9782749914473";10
"9782749911229";24
"9782749909776";16
"9782749911090";16
"454";5
"9782749905761";17
"9782749910147";7
"9782749903934";16
"9782749907888";13
"9782749911601";18
"9782749915364";17
"9782811203788";13
"9782811203627";9
"9782811204693";18
"9782811200084";18
"9782811204969";13
"9782811202415";37
"9782811203481";33
"9782811201760";20
"9782811200411";16
"9782811201487";5
"9782811203450";10
"9782811204457";17
"9782811201234";15
"9782811201166";24
"9782811200404";23
"9782811200107";15
"9782811202750";16
"9782811200282";5
"9782811201364";15
"9782811201128";10
"9782811200862";20
"9782811200190";16
"9782749911588";27
"9782911618772";9
"9780679643463";25
"9782890746725";24
"9782896625031";11
"9782896625017";13
"9781286596265";25
"9781275297777";25
"9781271250639";37
"9781247068343";19
"9781246555110";14
"9781246201024";8
"9781246083781";18
"9781246422115";14
"9781179664835";23
"9781175505279";42
"9781178839081";14
"9781175616760";11
"9781178829174";21
"9781173172565";27
"9781245079037";25
"9780451216724";6
"9782730403900";9
"9781882968336";16
"9781247032764";33
"9782258001442";8
"9780765327413";8
"9780765319050";17
"9782360510139";18
"9782360510009";5
"9782360510108";6
"1590205081";9
"9782277115472";17
"9782266077385";19
"9782752902658";20
"9782752902023";7
"9782752900920";17
"9782859409180";7
"9782859408350";9
"9782752903860";9
"9782859409456";8
"9782859407117";16
"9782859408862";23
"9782752900043";16
"9782752902238";6
"9782859408329";20
"9782752900876";10
"9782752903129";32
"9782752903518";29
"9782859406592";5
"9781604504217";9
"9782877303873";19
"9782259212304";8
"9782259207126";5
"9782259208734";18
"9782259206679";17
"9782259201780";11
"9782259196857";13
"9782259193429";11
"9782259203869";19
"9782259202824";9
"9782266230919";19
"9782266182713";28
"9785389027794";15
"9782266211826";8
"9782266177931";26
"9782754020770";21
"9782266191432";13
"9782266155779";11
"9782221119327";18
"9782266191838";25
"9782266182706";29
"9782266182164";37
"9782266182027";24
"9782266183772";15
"9782266173001";23
"9782266174657";6
"9782266223256";13
"9782266172998";31
"9782266186780";11
"9782266155762";6
"9782266182690";6
"9782266193849";26
"9782266151795";9
"9782266176927";20
"9782266210805";12
"9782266163026";15
"9782266159609";38
"9782266147590";21
"9782266166447";8
"9782266166430";15
"9782266202619";11
"9782266147583";14
"9782266152525";22
"9782266166423";15
"9782266212403";27
"9782266210799";6
"9782266141925";23
"9782266141918";17
"9782266141178";7
"9782266186315";18
"9782266183550";19
"9782266155199";21
"9782266145374";6
"9782266169011";9
"9782266113137";8
"294";10
"9782266129701";8
"9782266126939";22
"9782266162807";6
"9782266105613";15
"9782266207706";15
"9782266126922";28
"9782266111881";31
"9782266107389";16
"9782266107488";15
"9782266107464";8
"9782266098663";20
"9782266101660";15
"9782266179188";7
"9782266101776";14
"9782266126915";16
"9782266136600";14
"9782266160926";9
"9782266086066";7
"9782266096041";21
"9782266092777";25
"9782266088435";23
"9782266000130";31
"9782266080187";21
"9782266079365";39
"9782266066020";9
"9782266074124";8
"9782266073363";12
"9782266073387";11
"9782266081993";10
"9782841720002";27
"9782266055321";16
"9782266046664";20
"9782266048262";21
"9782266111560";29
"9782266111577";7
"9782266211925";39
"9782266081979";5
"9782266107495";7
"9782266107501";23
"9782266172950";26
"9782266111515";17
"9782266051071";14
"9782905158901";12
"9782266158428";18
"9782266114028";24
"9782266000758";21
"9782266000154";8
"9782266041553";13
"9782266118286";18
"9782266153744";28
"9782266039673";6
"9782266030366";20
"9782266046671";13
"9782266029209";13
"9782266033831";18
"9782266031714";15
"9782266159302";10
"9782266000253";12
"9782266035149";19
"9782266000680";22
"9782266102711";25
"9782266039680";38
"9782266027113";16
"9782266162425";5
"9782266029858";24
"9782266154130";7
"9782266033824";29
"9782266030212";15
"9782266028967";12
"9782266141956";22
"9782266021920";19
"9780441013593";14
"9782266025331";33
"9782266154116";7
"9782266081986";8
"9782226216144";25
"9782354081287";26
"9782266224062";18
"9782266011945";8
"9780545040648";25
"9782355840371";23
"9782757808610";6
"9782757803882";6
"9782757808597";8
"9782020408103";28
"9782258059306";15
"9782258059320";5
"9782266010627";8
"9782258084803";15
"9782258081437";8
"9782258084001";10
"9782258077010";9
"9782258068155";20
"9782258079243";5
"9782258062603";32
"9782258067158";14
"9782258057609";17
"9782258049376";15
"9782258049352";18
"9782258048195";12
"9782258044289";10
"9782258039308";16
"9782258038233";9
"9782285005116";23
"9782285005062";18
"9782258011373";12
"9782258049369";16
"9782702407301";30
"9782258048201";11
"9782258045552";19
"9782253142935";16
"9782253142515";17
"9782253142522";30
"9782266004114";32
"9782266041546";9
"9782266046114";27
"9782266013154";27
"9782266033749";27
"9782266007931";16
"9782266004954";22
"9782756401331";12
"9782756400143";9
"9782756400235";15
"9782857043683";11
"9782764406991";14
"9782764406069";37
"9782298040036";12
"9782894308578";8
"9781442944725";37
"9780878919963";18
"9782743600631";10
"9782869303911";19
"9782743604028";17
"9782221127902";17
"9782221115404";19
"9782221116425";15
"9782221111338";20
"9782221108871";10
"9782221118443";15
"9782253114819";23
"9782253072249";17
"9782221079461";20
"9782221091036";10
"9782253072560";9
"9782221082287";5
"9782286113131";27
"9782253072140";9
"9782221070239";8
"9782221073841";26
"9782221077269";12
"9782221007143";17
"9782221087886";19
"9782221041550";10
"9782221008775";37
"9782253147077";27
"9782738205445";6
"9782021029482";20
"9782020979658";9
"9782020479912";17
"9782020129275";9
"9782226216083";18
"9781451673319";18
"9781402212291";11
"9780553072617";11
"9780553286281";23
"9780312280611";28
"9782266012263";24
"9782843623424";19
"9782354011512";29
"0765319713";23
"9780765315960";30
"9780765341600";9
"9783550101243";8
"9782285010110";17
"9782744312083";11
"9782744311543";15
"9782878581904";24
"9780375705465";14
"9780375705458";36
"9780375705441";33
"9782981042835";21
"9782923925028";19
"9782981042880";7
"9782845635043";18
"9782845635227";8
"9782845633988";21
"9782845634671";12
"9782845634817";17
"9782845630017";10
"9782845630031";26
"9782845634534";6
