ISBN;ForSales
"393";0
"191";0
"667";1
"553";1
"319";1
"552";0
"282";0
"739";0
"156";0
"707";1
"708";0
"913";1
"718";1
"722";0
"142";0
"765";0
"725";1
"782";1
"773";0
"887";0
"420";1
"918";0
"788";1
"734";0
"710";0
"716";0
"876";0
"755";0
"882";1
"236";1
"804";1
"738";0
"879";1
"919";1
"785";0
"790";1
"268";0
"520";0
"836";1
"419";1
"775";0
"343";0
"685";0
"671";0
"281120170";1
"777";1
"546";0
"798";0
"794";1
"866";0
"590";1
"767";0
"728";1
"763";0
"705";1
"237";0
"714";0
"430";1
"787";0
"784";1
"138";0
"904";1
"908";0
"689";1
"700";0
"761";1
"757";0
"776";0
"140";1
"780";1
"9782226168078";1
"803";1
"235641035";0
"906";1
"231";1
"917";1
"139";0
"920";1
"423";0
"9782226154989";0
"425";0
"424";0
"806";0
"808";0
"756";0
"870";1
"792";0
"815";1
"253";1
"692";1
"762";0
"797";1
"916";1
"426";0
"791";1
"832";1
"135";1
"524";0
"793";1
"885";1
"766";1
"915";1
"748";1
"778";0
"786";0
"921";0
"109";1
"688";1
"902";1
"132";1
"721";0
"779";1
"141";0
"828";1
"712";1
"233";0
"827";0
"143";0
"848";0
"214";0
"661";0
"843";0
"884";1
"821";1
"831";0
"389";0
"134";0
"911";0
"717";0
"881";0
"649";1
"713";0
"129";0
"592";0
"136";1
"729";1
"842";0
"145";1
"730";0
"820";1
"818";0
"137";0
"795";0
"910";0
"833";1
"835";0
"901";1
"369";1
"702";0
"817";1
"240";1
"883";1
"293";0
"691";0
"846";0
"838";1
"909";1
"715";0
"834";0
"905";0
"370";0
"235";0
"888";1
"744";0
"2264028452";0
"878";1
"726";0
"422";0
"801";1
"891";0
"895";1
"754";0
"741";1
"837";0
"743";0
"886";0
"771";0
"234";1
"9782277233503";1
"769";1
"839";0
"854";0
"856";1
"274";1
"737";0
"830";0
"899";0
"774";0
"752";1
"759";1
"229";1
"745";1
"747";1
"829";1
"897";0
"727";0
"731";1
"101";0
"560";0
"825";1
"753";1
"723";1
"257";0
"894";1
"826";0
"892";0
"158";1
"823";1
"733";1
"186";0
"749";1
"736";0
"751";1
"746";1
"372";1
"742";0
"889";0
"783";1
"719";1
"371";1
"732";0
"871";0
"893";0
"476";0
"896";1
"914";1
"381";0
"2859407456";1
"750";0
"812";1
"9782842671143";1
"740";0
"276";1
"912";1
"704";0
"9782266235815";1
"873";0
"9782258022041";0
"9782258022034";0
"220";1
"665";1
"758";1
"764";1
"770";0
"212";1
"185";1
"416";0
"706";1
"805";1
"9782264005984";0
"609";0
"772";0
"232";1
"687";0
"781";0
"768";0
"264";0
"814";1
"703";0
"890";0
"275";0
"822";0
"824";1
"789";1
"819";1
"844";0
"796";1
"816";1
"216";0
"898";0
"800";0
"555";0
"9782253142584";1
"807";1
"421";0
"802";1
"811";1
"810";1
"799";1
"809";1
"690";0
"9782264041944";1
"9782264041036";1
"9782264041029";0
"9782264039682";1
"9782264036865";0
"9782264037114";0
"9782264037152";1
"9782264030634";1
"9782264034243";1
"9782264026910";0
"9782264036001";0
"9782264026903";0
"9782264023698";1
"9782264031532";1
"9782264030047";1
"9782264028464";1
"9782264025654";0
"9782264025388";1
"9782264044730";1
"9782264037459";1
"9782264045775";1
"9782264030030";0
"9782264030610";1
"9782264030627";0
"9782264030382";1
"9782264026040";0
"9782264026033";0
"9782264014917";1
"9782264027115";0
"9782264027146";0
"9782264014320";1
"9782264016157";1
"9782264023704";1
"9782264006691";1
"9782264014313";0
"9782264007292";0
"9782264006974";1
"9782264005441";0
"9782264005434";1
"9782264006080";1
"9782264006509";1
"9782264006097";0
"9782862150284";0
"9782264005960";1
"9782264006967";1
"9782264005021";1
"9782264005977";1
"9782264005458";1
"9782290345924";0
"9782742797875";1
"9782895659693";1
"9782896670666";1
"9782226221322";1
"9782226221414";0
"9782226220592";1
"9782226220585";0
"9782226194008";0
"9782226199812";1
"9782226199935";1
"9788811670223";1
"9782226179791";1
"9782253123378";0
"9782226170514";1
"9782226216250";0
"9782226136244";0
"9782226081797";0
"9782226233981";1
"9782226065001";0
"9782226059475";1
"9782226003621";1
"9782226001061";1
"9782226191892";1
"9782226186294";1
"9782226191939";1
"9782226207197";0
"9782226006318";0
"9782226000422";1
"9782226002501";1
"9781246420029";1
"9782841724680";0
"9782841722570";0
"9782841721368";0
"9782841721290";1
"9782841721535";1
"9782841721092";0
"9782290025826";1
"9780606267243";0
"9780553573404";1
"9782747021067";0
"9782747026741";0
"9782747026734";1
"9782747026314";1
"9782747026307";1
"9782747014564";0
"9782747024303";1
"9782747024310";1
"9782747023542";1
"9782747020206";1
"9782747020213";0
"9782747014557";1
"9782714451699";1
"9782714447074";0
"9782843440977";0
"9782246595113";1
"9782246671510";1
"9782246552710";0
"9781246552003";1
"9781179803401";0
"9781149578254";0
"9781149434277";1
"9781144760241";1
"9781148291178";1
"9780554449166";0
"9782253052975";0
"9781932983517";0
"3442267846";1
"9781409945345";0
"9782352945413";0
"9782820503282";1
"9782820503275";0
"9782820503268";0
"9782820503251";0
"9782820501134";1
"9782820502049";1
"9782820502032";0
"9782352944614";1
"9782820501639";1
"9782811202699";1
"9782811202798";1
"9782811204082";1
"9782811202804";0
"9782820501561";1
"9782352943679";1
"9782352943273";1
"9782352943006";0
"9782352943129";1
"9782352943907";0
"9782811201562";0
"9782914370998";1
"9782915549669";1
"9782352940272";0
"9782915549591";0
"9782915549607";0
"9782915549492";0
"9782914370790";0
"9782915549324";1
"9782352944676";1
"9782914370257";0
"9782352942320";0
"9782914370783";0
"9782811203429";1
"9782914370585";0
"9782914370448";1
"9782914370363";1
"9782352942153";0
"9782914370264";1
"9782352942382";0
"9782352940784";1
"9782914370004";1
"9782352941309";0
"9782915549249";1
"9782915549331";0
"9782352940173";0
"9782915549621";1
"9782915549294";0
"9782914370882";1
"9782352942610";0
"9782352942177";1
"9782914370332";1
"9782352941781";1
"9782352941330";0
"9782352941187";1
"9781455814312";1
"9782253004059";1
"479";1
"9782283021118";0
"437";1
"9782702141045";1
"9782702140338";0
"9782702148433";0
"9782702140680";0
"9782702139677";0
"9782702137734";0
"9782702137727";0
"9782702130353";1
"9782253170778";0
"9782702101803";1
"9782702126837";0
"9782362310133";1
"9782362310126";0
"9782362310102";0
"9782266121026";0
"9782277222668";0
"9782702418123";1
"9782862150529";1
"9782871531494";0
"9791090285125";1
"9780879974572";0
"9780345483850";1
"9782820500014";0
"9782890746923";0
"9782890746862";0
"9782890746763";1
"9782070426805";1
"9782070414222";0
"9782207305263";0
"9782207301197";1
"9782207302620";1
"9782207302910";0
"9782207256336";0
"9782207258033";0
"9782207254417";0
"9780385720922";0
"9782070415779";0
"9782207249420";1
"9782207249192";1
"9782207249338";0
"9782207247983";1
"9782207503140";0
"9782207301999";1
"9782207501610";0
"9782207304686";0
"9782207303016";1
"9782207301814";1
"9782207303597";1
"9782207303177";1
"9782207256350";1
"9782207304631";0
"9782207304624";0
"9782207301050";0
"9782207259160";0
"9782070422395";1
"9782266187008";1
"9781409953937";1
"9781409953784";0
"9781153739771";0
"9781409925323";1
"9781409925408";1
"9781409925330";0
"9781409924654";1
"9781409924661";1
"9781409924791";0
"9781406875560";0
"9782848930459";1
"9782890525924";0
"9782702431665";0
"9782702479643";0
"9782020556323";1
"9782020799089";1
"9782265020931";0
"9782265005877";0
"9782744198878";0
"9782744175084";0
"9782866070465";1
"9782846122740";0
"9782290055953";0
"9782290349700";0
"9782290330784";1
"9782290357026";1
"9782290344781";0
"9782226229922";0
"9782226219992";0
"9782226195418";1
"9782226014672";0
"9782877066808";1
"9782253135500";0
"9782921707039";1
"9782890747630";0
"9782890746800";0
"9782890746824";1
"429";0
"9782207261897";1
"9782207259887";0
"9782207254301";1
"9782207304884";1
"9782207304891";0
"9782207304679";1
"9782207304662";1
"9782207258378";0
"9782207304617";0
"9782848930640";0
"9782848930824";1
"9782848930695";0
"9782848930510";1
"9782848930008";1
"9782848930282";0
"9782702478684";1
"9782702424681";0
"9782702421932";1
"9782702425510";1
"9782702429112";0
"9782702424872";0
"9782702416082";0
"9782702429686";0
"9782702429778";1
"9782702422656";0
"9782702418598";0
"9782702414019";0
"9782702415610";1
"9782702413579";1
"9782702406632";1
"9782702408643";0
"9782268043210";1
"9782020016216";1
"9782253034896";1
"9782702413913";0
"9782702418659";1
"9782265036604";1
"9782265023895";0
"9782265024755";0
"9782265022652";1
"9782265021617";0
"9782265024540";1
"9782265018518";1
"9782265018426";1
"9782265019317";1
"9782265015722";1
"9782265017825";0
"9782265013186";0
"9782298026405";1
"9782070786428";0
"9782070439966";1
"9782070441266";0
"9782070441242";0
"9782070441235";1
"9782070398416";0
"9782070782802";0
"9782070619191";1
"9782070399567";0
"9782070343614";1
"9782070346165";0
"9782070342266";1
"9782070319374";0
"9782070309535";1
"9782070320523";1
"9782070407484";0
"9782070306251";0
"9782070309023";1
"619";1
"9782070306985";1
"9782070316434";0
"9782070305452";1
"9782070315987";1
"9782070429691";1
"9782070429783";0
"9782070423514";0
"9782070421497";1
"9782070422371";0
"9782070499298";0
"9782070415922";1
"9782070415601";1
"9782070643059";0
"9782070612413";0
"9782070401352";1
"9782070421282";0
"9782070421275";0
"9782070421220";1
"9782070421268";1
"9782070415762";0
"9782070426829";0
"9782070415748";0
"9782070343492";1
"9782070309511";1
"9782070309542";1
"9782070406920";1
"9782070419166";1
"9782070513338";1
"9782070619009";0
"9782070541898";0
"9782290340462";0
"624";0
"9782264011299";0
"9782277117230";0
"9782277117223";1
"9782277233794";1
"9782277234395";0
"9782277118367";0
"9782864247586";1
"9782354080655";0
"9782720100178";1
"9782752904614";0
"9782752903457";0
"9782752901231";0
"9782752904263";1
"9782752900333";1
"9782753301177";0
"9782753301078";0
"9782290312919";1
"9782290315095";1
"9782290332832";0
"9782290308370";1
"9782277241331";1
"9782277234753";1
"9782277230069";0
"9782277229407";1
"9782290308141";1
"9782277230212";0
"9782221017067";1
"9782221021224";1
"9789050160179";1
"9782253135357";0
"9780374169916";1
"9782213641942";0
"9782213626673";1
"9782213622484";1
"9782213620107";1
"9782092506790";1
"9782092826089";0
"9782092504321";1
"9782363600349";0
"189";1
"9782081233270";1
"9782081209589";0
"9782080680556";0
"9782702421659";1
"9782890773622";0
"9782290343197";1
"9782890773615";0
"9782890773608";1
"9782265089686";1
"9782265085787";1
"9782265085770";0
"9782265085763";1
"9782265077263";1
"9782265077171";1
"9782265065642";1
"9782265065499";0
"9782265081154";1
"9782265056541";1
"9782265079694";0
"9782265047747";0
"9782265047532";1
"9782265047433";0
"9782265047334";0
"9782265046757";0
"9782265047273";1
"9782265079687";0
"9782265045422";0
"9782265044920";1
"9782265045088";1
"9782265044296";1
"9782265043787";0
"9782265043381";0
"9782265043718";0
"9782265044531";0
"9782265038325";1
"9782265037908";0
"9782265037885";1
"9782265037755";0
"9782265036970";1
"9782265048133";1
"9782265047655";0
"9782265032453";1
"9782265031890";1
"9782265032361";1
"9782265023444";1
"9782265021907";0
"9782265016606";0
"630";1
"427";0
"626";1
"9782724266238";0
"9782724232820";0
"9780320080173";0
"9780828857734";1
"9782070423316";0
"9782070416141";0
"9782070612444";0
"9782070406364";1
"9782070415755";0
"9782070417513";0
"9782070419173";0
"9782070296668";0
"582";1
"9782070259663";1
"9782070343621";0
"9782070327942";0
"9782070556861";1
"9782070619184";1
"9782070619177";0
"9782070615360";0
"9781235114298";1
"9782842677534";1
"9782842671174";0
"9782738603647";1
"9782264014894";1
"9782246618614";0
"9782246633518";1
"9782246584216";0
"9783640248148";1
"9781411657236";0
"9782894553640";0
"9782012023444";0
"9782012022874";1
"9782012022775";1
"9782012021617";0
"9782012021174";1
"9782012020849";0
"9782012023598";0
"9782012023666";0
"9782013225212";1
"9782013225366";1
"9782013229562";1
"9782253172161";0
"9782253055976";0
"9782012017627";0
"9782012017634";0
"9782012017641";1
"9782702419083";1
"320";0
"9782012015708";0
"9782280220866";0
"9782280224390";1
"9782280219495";1
"9782280815062";0
"9782280817318";1
"9782280819435";0
"9782013229883";1
"9782013229807";0
"9782013228190";0
"9782897172107";0
"9782290036778";1
"9782290027240";1
"9782290028438";1
"9782290024218";0
"9782290028131";1
"9782290018606";0
"9782290017203";1
"9782290023488";0
"9782290018590";1
"9782290024492";1
"9782290035726";0
"9782290025345";1
"9782290017180";0
"9782290032763";0
"9782081208650";0
"9782290014059";1
"9782290024263";0
"9782290027233";1
"9782290349717";0
"9782290353073";1
"9782081203488";1
"9782290031742";1
"9782290024249";0
"9782290024270";0
"9782290317143";0
"9782290350607";1
"9782290353066";1
"9782290349878";1
"9782290006474";1
"9782290024485";1
"9782290024232";1
"9782290010853";1
"9782290028902";0
"9782290013854";0
"9782290017739";1
"9782290354797";1
"9782290004623";0
"9782290027868";0
"9782290027851";0
"9782290332016";1
"9782290330098";1
"9782290325841";0
"9782290024201";1
"9782290344392";0
"9782290000748";1
"9782290354759";0
"9782290350614";1
"9782290350256";1
"9782290350553";1
"9782290332856";0
"9782290332849";0
"9782290332887";0
"9782290314098";1
"9782290325391";0
"9782290344804";0
"9782290322826";1
"9782290331408";1
"9782290316306";0
"9782290330524";1
"9782290313183";0
"9782290302484";0
"9782290312933";1
"9782290315415";0
"9782290308257";0
"9782277125105";0
"9782277220558";0
"9782290309742";0
"9782290017616";1
"9782290328453";0
"9782290136195";1
"9782290025833";1
"9782290305454";1
"9782290029527";1
"9782277222484";1
"9782277217824";1
"9782277232247";1
"9782290301876";0
"9782290129500";0
"9782277226796";0
"9782290348789";1
"9782277225911";0
"9782290348772";0
"9782290001714";1
"9780547572291";0
"9782277221357";0
"9782290345900";0
"1439170983";1
"9782290312926";1
"9782290314944";1
"9782290308288";0
"9782277217084";1
"9782290329924";0
"9782290356289";0
"9782290348697";0
"9782277213291";0
"9782277211846";1
"9782035839237";0
"9782277210580";1
"9782277118480";1
"9782290309636";0
"9782277113737";1
"9782277220749";0
"2754400826";0
"9782277115854";0
"9782277117247";0
"9782253018049";1
"9782290332238";0
"9782277117070";1
"9782277226680";0
"9782277219354";0
"9782277117124";1
"9782277117216";1
"9782277218913";0
"9782744192067";1
"9782709627115";1
"9782709625555";1
"9782744150029";0
"9782709626415";1
"9782709630566";0
"9781144323620";1
"9782235023030";0
"9782260018247";1
"636";1
"9780758216410";0
"9782266115223";1
"9782253072058";1
"433";1
"9782923925042";0
"9782981042897";1
"9782910491185";1
"9782916141329";1
"9782352870296";1
"9782035881120";0
"9782841724918";1
"9782841724208";1
"9782841721238";0
"9782841721115";1
"9782841720897";1
"9782841720767";1
"9782841721023";1
"9782841720668";0
"9782841720262";0
"9782841720392";0
"9782709636384";1
"9782709630559";0
"9782709630542";0
"9782709623155";0
"9782843440519";1
"9782843440731";1
"9782843440793";0
"9782843440823";0
"9782749109343";0
"9782749103518";1
"9782286127992";0
"9782702814321";1
"9782253114796";1
"9782702422588";0
"9782702400234";0
"9782702426395";0
"9782253021971";1
"9781232560128";0
"9782253163206";1
"9782253163176";0
"9782013217811";1
"9782253159520";0
"9781232559450";1
"286";0
"9782702436820";1
"9782702434000";1
"9782702429129";0
"9782702431580";0
"9782702405062";1
"9782897172732";1
"9782897172077";1
"9782253149569";0
"9785878878067";0
"9782867465017";0
"9782253152408";0
"9782253072089";1
"9782253152514";0
"9782253152521";0
"9782253049333";0
"9782360510122";0
"9782253034193";0
"9782253046875";0
"9782253119197";0
"9782253116783";1
"9782253113980";0
"9782253072959";0
"9782253068235";0
"9782253182009";0
"9782253120308";1
"9782253182313";1
"9782702426401";1
"9782253148081";1
"9782253110910";1
"9782253147299";1
"9782253144397";0
"9782253148869";0
"9782253149095";1
"9782253144380";1
"9782253113973";1
"9782253145394";1
"9782253072409";1
"9782253144267";0
"9782253149026";0
"9782253015543";0
"9782253072164";1
"9782253139225";0
"9782253114147";1
"9782253049319";0
"9782253147084";0
"9782253071990";1
"9782253041207";0
"9782253052494";0
"9782253144793";0
"9782253063957";0
"9782253072386";0
"9782253136125";0
"9782253143154";1
"9782253124931";1
"9782253142546";1
"9782253142980";1
"9782253120599";1
"9782253142508";1
"9782253143116";0
"9782253057703";1
"9782253076803";0
"9782702438060";0
"9782702414385";0
"9782702418260";0
"9782702400579";1
"9782253046134";0
"9782253005285";0
"9782253036951";0
"9782702400111";1
"9782253029908";1
"9782253060529";1
"9782702423677";1
"9782702418093";1
"9782253032328";0
"9782702400319";1
"9782702400661";1
"9782702400562";0
"9782253022565";1
"9782253149934";0
"9782702414620";0
"9782702414729";1
"9782903685003";0
"9782702400722";1
"581";1
"9782702400449";1
"593";0
"9782702423042";1
"9782253050643";1
"9782253113195";1
"9782253101062";0
"9782253111924";0
"9782253090670";1
"9782253036975";1
"9782253023104";1
"9782253072416";1
"9782253072331";0
"9782253072256";1
"9782253113188";1
"9782253066835";1
"9782253172208";0
"9782253152071";0
"9782253108702";0
"9782253171829";1
"9782253072065";0
"9782253071877";1
"9782253071808";1
"9782253139485";1
"9782253076827";1
"9782253071891";1
"9782253071839";0
"9782253071853";1
"9782253071822";1
"9782702411865";0
"9782253135364";0
"9782253135517";0
"9782253049326";0
"9782253171348";1
"9782253059530";0
"9782841724178";0
"9782841720538";1
"9782841720613";0
"9782841720453";1
"9782841720118";0
"9782841725014";1
"9782841721191";1
"9782841720743";0
"9782702480526";1
"9782702430118";0
"9782702414361";0
"9782878093308";0
"9782253076865";0
"9782253122920";0
"9782253072508";0
"9782253003069";0
"9782253003151";0
"9782253004653";1
"9782253062011";1
"9782253011019";0
"9782013215800";0
"9782013225151";1
"9782210754935";1
"9782226004635";1
"9782749916392";0
"9782749914473";1
"9782749911229";0
"9782749909776";1
"9782749911090";0
"454";1
"9782749905761";0
"9782749910147";1
"9782749903934";0
"9782749907888";0
"9782749911601";0
"9782749915364";1
"9782811203788";1
"9782811203627";0
"9782811204693";0
"9782811200084";1
"9782811204969";1
"9782811202415";0
"9782811203481";0
"9782811201760";1
"9782811200411";1
"9782811201487";0
"9782811203450";1
"9782811204457";1
"9782811201234";0
"9782811201166";0
"9782811200404";1
"9782811200107";1
"9782811202750";0
"9782811200282";1
"9782811201364";1
"9782811201128";0
"9782811200862";1
"9782811200190";1
"9782749911588";0
"9782911618772";1
"9780679643463";1
"9782890746725";1
"9782896625031";1
"9782896625017";1
"9781286596265";0
"9781275297777";0
"9781271250639";1
"9781247068343";1
"9781246555110";1
"9781246201024";1
"9781246083781";0
"9781246422115";1
"9781179664835";1
"9781175505279";1
"9781178839081";0
"9781175616760";1
"9781178829174";0
"9781173172565";0
"9781245079037";1
"9780451216724";1
"9782730403900";0
"9781882968336";0
"9781247032764";0
"9782258001442";1
"9780765327413";1
"9780765319050";0
"9782360510139";1
"9782360510009";1
"9782360510108";0
"1590205081";1
"9782277115472";1
"9782266077385";0
"9782752902658";1
"9782752902023";1
"9782752900920";0
"9782859409180";0
"9782859408350";0
"9782752903860";1
"9782859409456";1
"9782859407117";0
"9782859408862";0
"9782752900043";0
"9782752902238";1
"9782859408329";1
"9782752900876";1
"9782752903129";0
"9782752903518";1
"9782859406592";0
"9781604504217";0
"9782877303873";1
"9782259212304";0
"9782259207126";1
"9782259208734";0
"9782259206679";1
"9782259201780";1
"9782259196857";1
"9782259193429";1
"9782259203869";0
"9782259202824";1
"9782266230919";0
"9782266182713";0
"9785389027794";0
"9782266211826";0
"9782266177931";0
"9782754020770";1
"9782266191432";0
"9782266155779";0
"9782221119327";1
"9782266191838";0
"9782266182706";1
"9782266182164";0
"9782266182027";1
"9782266183772";1
"9782266173001";0
"9782266174657";1
"9782266223256";0
"9782266172998";1
"9782266186780";1
"9782266155762";0
"9782266182690";0
"9782266193849";1
"9782266151795";0
"9782266176927";0
"9782266210805";0
"9782266163026";1
"9782266159609";1
"9782266147590";0
"9782266166447";0
"9782266166430";1
"9782266202619";1
"9782266147583";1
"9782266152525";0
"9782266166423";1
"9782266212403";0
"9782266210799";0
"9782266141925";0
"9782266141918";1
"9782266141178";0
"9782266186315";0
"9782266183550";1
"9782266155199";0
"9782266145374";1
"9782266169011";1
"9782266113137";0
"294";1
"9782266129701";1
"9782266126939";0
"9782266162807";0
"9782266105613";1
"9782266207706";0
"9782266126922";1
"9782266111881";0
"9782266107389";0
"9782266107488";1
"9782266107464";0
"9782266098663";1
"9782266101660";0
"9782266179188";1
"9782266101776";1
"9782266126915";1
"9782266136600";1
"9782266160926";1
"9782266086066";0
"9782266096041";0
"9782266092777";0
"9782266088435";0
"9782266000130";1
"9782266080187";0
"9782266079365";0
"9782266066020";0
"9782266074124";0
"9782266073363";0
"9782266073387";0
"9782266081993";1
"9782841720002";0
"9782266055321";0
"9782266046664";0
"9782266048262";0
"9782266111560";1
"9782266111577";0
"9782266211925";1
"9782266081979";0
"9782266107495";0
"9782266107501";0
"9782266172950";1
"9782266111515";1
"9782266051071";0
"9782905158901";0
"9782266158428";1
"9782266114028";0
"9782266000758";1
"9782266000154";1
"9782266041553";0
"9782266118286";0
"9782266153744";1
"9782266039673";0
"9782266030366";0
"9782266046671";0
"9782266029209";0
"9782266033831";1
"9782266031714";0
"9782266159302";1
"9782266000253";0
"9782266035149";1
"9782266000680";1
"9782266102711";0
"9782266039680";1
"9782266027113";0
"9782266162425";1
"9782266029858";0
"9782266154130";0
"9782266033824";1
"9782266030212";0
"9782266028967";1
"9782266141956";1
"9782266021920";1
"9780441013593";0
"9782266025331";1
"9782266154116";1
"9782266081986";0
"9782226216144";0
"9782354081287";1
"9782266224062";0
"9782266011945";1
"9780545040648";0
"9782355840371";0
"9782757808610";0
"9782757803882";1
"9782757808597";0
"9782020408103";0
"9782258059306";0
"9782258059320";0
"9782266010627";0
"9782258084803";1
"9782258081437";1
"9782258084001";0
"9782258077010";0
"9782258068155";0
"9782258079243";1
"9782258062603";0
"9782258067158";0
"9782258057609";1
"9782258049376";1
"9782258049352";0
"9782258048195";1
"9782258044289";1
"9782258039308";1
"9782258038233";0
"9782285005116";0
"9782285005062";1
"9782258011373";1
"9782258049369";1
"9782702407301";1
"9782258048201";0
"9782258045552";1
"9782253142935";0
"9782253142515";1
"9782253142522";1
"9782266004114";0
"9782266041546";0
"9782266046114";0
"9782266013154";0
"9782266033749";1
"9782266007931";0
"9782266004954";0
"9782756401331";1
"9782756400143";0
"9782756400235";1
"9782857043683";1
"9782764406991";1
"9782764406069";1
"9782298040036";1
"9782894308578";0
"9781442944725";1
"9780878919963";1
"9782743600631";0
"9782869303911";0
"9782743604028";1
"9782221127902";1
"9782221115404";0
"9782221116425";0
"9782221111338";1
"9782221108871";1
"9782221118443";1
"9782253114819";1
"9782253072249";1
"9782221079461";0
"9782221091036";1
"9782253072560";0
"9782221082287";1
"9782286113131";1
"9782253072140";1
"9782221070239";1
"9782221073841";1
"9782221077269";1
"9782221007143";1
"9782221087886";0
"9782221041550";1
"9782221008775";1
"9782253147077";0
"9782738205445";0
"9782021029482";0
"9782020979658";0
"9782020479912";0
"9782020129275";0
"9782226216083";0
"9781451673319";1
"9781402212291";1
"9780553072617";1
"9780553286281";1
"9780312280611";0
"9782266012263";0
"9782843623424";1
"9782354011512";0
"0765319713";0
"9780765315960";0
"9780765341600";0
"9783550101243";1
"9782285010110";1
"9782744312083";0
"9782744311543";0
"9782878581904";0
"9780375705465";1
"9780375705458";1
"9780375705441";1
"9782981042835";1
"9782923925028";1
"9782981042880";1
"9782845635043";0
"9782845635227";1
"9782845633988";0
"9782845634671";1
"9782845634817";0
"9782845630017";0
"9782845630031";1
"9782845634534";0
